PD#PN;PageRank;InDegree;OutDegree
AB.AA.000;0.0017477048588622264;13;38
AB.BB.001;0.0016877127615499367;15;13
AB.BB.002;0.0007073360793745219;5;8
AB.BB.003;0.004150382690433852;36;12
AB.BB.004;0.0015636148060672584;15;11
AB.BB.005;0.002891524893216383;21;7
AB.BB.006;0.0010484040150895324;8;9
AB.BB.007;0.0016396305993875639;13;6
AB.BB.008;0.0037056984568074945;28;15
AB.BB.009;0.0035168474246349535;25;14
AB.BB.010;0.0012699630431766203;8;13
AB.CC.001;0.000385771754628786;3;5
AB.CC.002;0.001462904090648303;10;11
AB.CC.003;0.0018687511836812983;12;11
AB.CC.004;0.0009937067191530832;5;10
AB.CC.005;0.0010045844738538184;8;13
AB.CC.006;0.0005170849432092995;7;3
AB.CC.007;0.0011379035257662068;10;9
AB.DD.001;0.003698071280107123;24;9
AB.DD.002;0.002921271566232394;13;8
AB.DD.003;0.003332649361979826;16;6
AB.DD.004;0.00381661161020631;19;8
AB.DD.005;0.005528542343047318;23;19
AB.DD.006;0.005512459649718745;36;10
AB.DD.007;0.005249837753713407;32;10
AB.DD.008;0.004109156156895655;20;12
AB.EE.001;0.00024806956958873616;1;3
AB.EE.002;0.0024912667511992376;16;8
AB.FF.001;0.0002516234102193877;2;6
AB.FF.002;0.0012384827350329641;10;13
AB.FF.003;0.0010955284300684504;8;3
AB.FF.004;0.00048218015274021015;5;4
AB.GG.002;0.00047264706436710667;6;8
AB.GG.003;0.0006453438918132061;6;7
AB.GG.004;0.004799712338561384;35;25
AB.GG.005;0.0030302357924783443;19;9
AB.GG.006;0.0033236455792889485;21;12
DS.JJ.002;0.0007249167973925067;7;4
PS.GG.019;0.002596981677814644;16;9
BD.EE.005;0.0005335430047240985;6;12
BD.HH.001;0.006473072462590294;58;7
DS.KK.005;0.001131927526878693;11;10
ER.AA.000;0.0011008058700130222;14;4
HB.AA.007;0.0053807410405808075;30;11
HB.AA.010;0.0014197397104262876;10;8
KD.JJ.004;0.004584623117342006;39;18
TS.AA.000;0.0018327920621957355;8;13
BM.AA.000;0.0025746464641505057;23;32
BM.CC.004;0.0012151290130559286;12;8
HB.AA.008;0.00863607833809916;45;5
IS.CC.006;0.0008136868613637273;8;4
KD.II.001;0.001987912209885385;21;29
KD.JJ.007;0.0031136988885414442;26;18
KD.JJ.008;0.0013714334964616526;11;13
LD.AA.000;0.006456858849268446;52;59
PS.AA.000;0.004588174057835135;36;20
TL.II.012;0.003167555368881281;27;14
BD.CC.001;0.002223482118011305;12;6
BD.CC.005;0.001142777832258678;9;2
BD.HH.006;0.002668274169749269;12;14
KD.CC.008;0.0005718961719582747;5;4
KD.GG.002;0.0010368881855670933;10;8
KD.GG.005;0.0013210067450990597;9;7
KD.II.003;0.0012674295407808346;13;8
TL.DD.005;0.00208724880983759;21;11
TL.HH.003;0.003041819822785158;27;16
HB.AA.009;0.006252893957110181;25;4
TS.AA.005;0.0034451650786328112;24;9
LD.AA.009;0.0014139784977829327;11;10
LD.GG.002;0.0021109679528678554;12;10
TL.BB.003;0.0070080468163895805;47;12
BC.AA.000;0.0010165845362249352;7;6
KD.GG.006;0.010161600374173366;64;20
PS.JJ.003;0.0036637525450023962;29;10
IS.CC.005;0.003238677412723866;27;9
KD.DD.002;0.007024469949624409;62;17
PS.GG.008;0.0010472627330749625;10;5
PS.HH.003;0.002295895764023612;15;12
BD.II.002;0.002395162956151504;18;12
BM.AA.007;0.003548917013648727;23;11
BM.AA.014;0.0008038475417555454;5;8
TL.EE.007;0.0033008825900095505;24;10
TL.EE.008;0.000865700827518854;6;4
TL.EE.011;0.003022210111629907;15;3
TS.AA.011;0.0029419959608123223;24;8
BD.JJ.002;0.0025243769133711015;18;6
BM.DD.006;0.0007875720680875932;8;3
KD.EE.002;0.003039813832797316;25;27
MS.BB.001;0.003370945659954353;36;1
SI.AA.001;0.006745164359044507;49;12
TL.DD.002;0.00534416129429389;24;14
TL.GG.009;0.000620787638483308;9;4
TL.HH.004;0.003779267217167131;25;9
TL.HH.008;0.0017570499686597942;11;5
TS.AA.010;0.0009678092865052763;11;4
HB.AA.002;0.0030886333167159286;20;5
KD.DD.003;0.0040928469465874055;26;18
PS.EE.002;0.006213371835956546;49;42
LD.BB.004;0.0012311569710049019;9;8
TL.CC.003;0.000674350741091736;4;6
BM.BB.001;0.0042993087247869205;32;4
PS.FF.003;0.006938798835782692;50;26
CH.AA.001;0.00281905142288534;9;13
KD.BB.006;0.005189401646515974;46;17
LD.CC.007;0.00029769170531785365;3;8
TL.II.009;0.0026159017357246356;30;26
TS.AA.006;0.0011412206875740876;9;4
BM.AA.008;0.002653685153620813;18;15
KD.HH.003;0.0038170021206536523;28;13
TL.LL.001;0.0010562257772562598;10;5
DS.BB.006;0.008272065518816585;49;10
BD.AA.007;0.0054939839138841776;55;15
LD.GG.009;0.0051204703130408955;37;13
DS.BB.001;0.009461935684952596;72;44
DS.BB.002;0.00362830490927795;19;8
LD.GG.001;0.0028696504912161386;20;9
TL.BB.004;0.006199266467163362;31;8
BD.AA.004;0.0010389010320892781;12;14
BD.HH.005;0.002932748856442665;11;8
BM.AA.006;0.0011271573964241593;12;6
DS.EE.001;0.0027650601440047406;18;2
PS.HH.004;0.003798515850169834;25;17
SI.BB.001;0.002165962764792812;21;6
TL.GG.002;0.005031921643179598;23;5
TL.JJ.003;0.0016691753693303694;9;9
BM.AA.013;0.0010877600967444;12;14
DS.BB.004;0.0018931728742381435;7;10
DS.HH.002;0.0026731101536067088;17;6
IS.CC.003;0.0029320524506712057;22;8
LD.GG.004;0.002035421284366289;13;13
PS.CC.003;0.0011796144141705551;7;2
PS.II.009;0.0033563125989096616;25;9
PS.JJ.004;0.0010342782471669401;7;8
TL.EE.010;0.001118910882080115;12;6
MR.AA.006;0.0008078947839251071;7;11
BD.HH.004;0.003176534593386362;21;16
DS.AA.002;0.0015257296561671503;17;9
BD.BB.001;0.0028312328595722063;22;9
BD.CC.002;0.0007151051477922718;3;9
DS.KK.003;0.002189506879166554;13;13
TL.BB.000;0.0016943371345846405;17;34
DD.AA.001;0.0029929646657294523;25;6
QD.AA.000;0.0019822662931739585;11;9
TL.LL.005;0.0005483933442477228;3;17
SI.BB.002;0.002218398080601344;14;12
TL.GG.003;0.0024451911056216848;16;6
TS.AA.009;0.002143769792738806;12;5
BC.AA.001;0.00043291347610107745;3;4
KD.FF.010;0.0010591991398124854;12;8
TL.EE.009;0.0016078703991003003;12;11
BD.FF.004;0.0006522612637136689;5;17
CH.AA.000;0.0019514163458007774;19;22
DD.AA.005;0.0012426778429254026;7;7
HB.AA.000;0.004224472468205882;25;19
KD.FF.003;0.004380499083060903;38;31
KD.GG.001;0.0013700453614658593;10;9
KD.JJ.001;0.0011746549336159881;7;15
KD.JJ.009;0.0020533467046023254;15;11
KD.LL.002;0.0017725738427643385;18;11
MS.CC.001;0.000373653824329732;2;0
PS.BB.009;0.002887514770757845;26;10
PS.DD.007;0.0015706523363662964;13;9
QD.CC.003;0.0018096051238838534;7;2
SI.AA.010;0.005054121904912342;34;7
BD.HH.003;0.003014585546916211;20;10
KD.AA.001;0.0008176340561357196;6;12
KD.AA.002;0.000681162393694168;5;3
TL.KK.001;0.0012481979776904825;9;7
BD.DD.005;0.0009402085317940893;6;6
CH.BB.002;0.0018996704368390966;10;4
FT.HH.001;0.0007478197887851214;9;466
HB.AA.015;0.003003852887009248;13;7
BA.AA.000;0.0006110781064387558;7;18
BA.AA.001;0.0002401306678696692;2;13
BA.AA.002;0.0009378202051084818;7;8
BA.AA.003;0.0004556804163015697;5;9
BA.AA.004;0.0008154323734812728;8;14
BA.AA.005;0.0006914705881507655;8;11
BM.CC.002;0.00035130844488367915;5;5
BM.CC.003;0.0008442566567297917;7;10
CH.AA.004;0.0009006086286249468;9;11
ER.EE.002;0.0013770638044584501;7;2
ER.EE.003;0.0013235733229504548;8;10
ER.EE.005;0.0005382014817443252;4;6
ER.EE.006;0.0006102165994001749;6;2
ER.EE.007;0.0005382014817443252;4;7
IS.BB.001;0.0013803937036472125;13;11
MR.AA.002;0.00029632373210309427;3;11
PS.CC.002;0.001515020711091001;15;11
DS.FF.004;0.0018843873137760281;15;6
ER.BB.003;0.0008120691952432822;5;2
KD.JJ.002;0.0006646496398722797;7;11
PS.GG.006;0.0006870797023651642;7;11
PS.II.007;0.0021753071873312027;20;12
TL.II.002;0.003544834127960434;33;14
TL.II.007;0.002396990681933373;19;12
TL.II.008;0.003795383578904705;34;13
CH.BB.001;0.0032338741509303115;22;5
CH.BB.003;0.0014008813350363685;14;11
CH.BB.004;0.001153057249064519;6;3
IS.CC.004;0.0032823721054098436;30;7
TL.II.010;0.0007686784423275849;5;6
IS.BB.002;0.0012177509759807906;10;9
TL.II.006;0.0006268114798946341;4;10
CH.BB.005;0.0014123081839841766;8;6
CH.BB.006;0.0014798390680821046;11;8
IS.BB.003;0.0009318389714845063;6;4
IS.BB.004;0.0018337926229737467;13;3
KD.LL.003;0.0009389270036793937;10;5
PS.II.003;0.0006781904039015458;7;7
ER.CC.001;0.003774259547540012;28;12
IS.BB.010;0.0013431033102945817;9;12
KD.JJ.006;0.0028369863440589065;26;5
PS.EE.004;0.00046004625403964065;2;2
BC.AA.002;0.000354548251998484;2;2
BC.AA.003;0.0005903602005676185;4;5
BC.AA.004;0.0008445172617542534;7;5
BC.AA.005;0.000354548251998484;2;2
BC.AA.006;0.0013693157832645106;8;1
KD.HH.008;0.0006399401002951482;8;7
SI.AA.000;0.0016941117720979935;7;29
MR.AA.005;0.0005563156723842079;4;6
TL.EE.005;0.0013660482252559436;15;6
BD.AA.000;0.0002439747622743242;2;30
BD.AA.001;0.00024251559349468277;5;58
BD.AA.002;0.0004463857721768408;5;32
BD.AA.003;0.0010751035939304341;6;10
BD.AA.005;0.0020217000186990657;22;14
BD.AA.006;0.0017724968241782896;13;4
BD.AA.008;0.0019766666224323138;12;9
BD.AA.009;0.00048056749617746803;5;11
BD.AA.010;0.000217311419740043;2;12
BD.GG.001;0.001127186049160884;9;3
BD.GG.002;0.0006962412828979054;5;3
BD.GG.003;0.001625687231815202;7;8
BD.GG.004;0.000709545298089693;4;8
BD.HH.002;0.0014353922701732759;7;32
BD.HH.007;0.0010399931361003067;4;8
BD.II.003;0.0005798417263474814;5;16
BD.II.004;0.0010881829567688638;9;13
BD.II.005;0.0006605311788173778;8;14
BD.II.006;0.00038697635990724293;3;7
CH.AA.002;0.00029363487939811913;3;2
DD.AA.000;0.00021258834117013315;1;7
DP.BB.001;0.00024387687970616728;2;5
HB.AA.013;0.0014693697578314617;10;8
HB.AA.014;0.0012679501441739377;10;14
HB.AA.016;0.0032081142912796534;19;8
HB.AA.018;0.006582198208197404;29;19
KD.DD.001;0.0017106039983662514;16;4
KD.EE.001;0.002867007081920341;15;8
KD.FF.001;0.004483244911696149;37;29
LD.BB.001;0.000459175568907126;7;11
LD.GG.003;0.003433112266077832;22;12
MR.AA.000;0.000271577256091489;4;15
PS.EE.001;0.0025555352680879666;24;11
PS.II.001;0.0013809155924197837;13;13
PS.JJ.001;0.0005040711162739378;4;4
SI.AA.002;0.0022023839315117506;11;13
SI.AA.005;0.0036945675028736964;27;3
TL.DD.001;0.00021258834117013315;1;7
TL.DD.006;0.0007572415313810974;13;21
TL.EE.001;0.00043806001517790905;3;13
TL.EE.012;0.003028478706384607;9;24
TL.GG.001;0.0007181713999318201;5;11
TL.HH.001;0.0009150126796535266;7;11
TL.II.001;0.0007635500116424856;12;21
TS.AA.001;0.0025725970594097053;17;4
TS.AA.002;0.0025534996313293905;15;4
BD.JJ.003;0.0020393086667315004;14;4
DP.AA.000;0.00022088223591398414;1;6
DS.JJ.001;0.0007343862739016119;4;5
HB.AA.001;0.0004107839636756182;3;6
KD.AA.000;0.0010074299385307024;7;68
KD.EE.003;0.001035504674518059;10;11
LD.CC.002;0.0003871376687601825;5;3
MS.CC.006;0.001186278359373731;9;2
PD.BB.000;0.0014036729750777316;16;0
SI.CC.002;0.001748320490342628;10;11
TL.AA.000;0.00022088223591398414;1;4
TL.CC.005;0.003995613583622869;37;4
TL.GG.004;0.004714346315376896;34;12
LD.AA.004;0.0012380689257327942;12;12
LD.EE.002;0.0038378964587457744;30;15
TL.CC.002;0.003911725000886957;31;12
TL.DD.004;0.00036992901389523497;4;10
DS.DD.001;0.004067306813080318;28;51
KD.FF.005;0.0012096166893438606;12;8
PS.GG.016;0.0016332662106160769;16;3
DS.JJ.005;0.0009659066272885375;7;2
SI.CC.003;0.0022432775904459206;21;14
TL.GG.008;0.0006595244851423139;5;19
DP.AA.004;0.0012967010306752025;7;13
DS.KK.004;0.001797325392378187;14;4
BD.JJ.001;0.000996125791647068;7;13
MR.AA.008;0.0006041546432281334;5;8
TL.EE.004;0.0025170834676226765;17;12
KD.EE.004;0.00135892758706045;12;14
TL.EE.003;0.005664525108146551;44;22
TL.EE.006;0.004320227041907595;35;11
BM.AA.002;0.002218052803796025;16;15
PS.AA.002;0.0011936180982571036;8;19
TL.GG.007;0.002151510437249793;21;10
BD.BB.002;0.00064082120866489;2;2
BD.BB.003;0.0009571615482353147;6;5
BD.BB.004;0.0012509161572197387;7;5
BD.BB.005;0.0005451031070440896;2;9
BD.BB.006;0.0005451031070440896;2;9
BD.DD.001;0.0006389689112611839;2;5
BD.EE.001;0.0006256505899712352;5;6
QD.AA.001;0.0010695319401855731;5;5
LD.FF.004;0.000976659122047425;11;4
PS.BB.004;0.001875032648192487;12;9
SI.AA.012;0.0007084724725636863;8;4
TS.AA.013;0.0029029713016828773;19;5
LD.GG.006;0.0006259491510508814;4;7
BD.CC.003;0.0015663346803592951;9;3
BD.CC.004;0.0014963094022669725;4;4
BD.CC.006;0.0008930403493622985;5;7
BD.CC.007;0.000748866369509318;6;8
DS.BB.007;0.002801923327083689;13;3
BD.DD.002;0.0006762927009430503;6;7
BD.DD.003;0.0004882253307687955;4;7
BD.DD.004;0.00045124669339702056;2;8
BD.DD.006;0.0005971921841124492;5;5
DS.KK.007;0.003714855874766131;21;11
KD.KK.004;0.0004619308500740956;5;11
CH.AA.005;0.000517138860457531;5;9
KD.BB.007;0.004438947446995486;37;22
DD.AA.002;0.00036951887346415544;3;5
PS.DD.005;0.0022344565540541495;24;13
BD.EE.002;0.0002979230593582466;1;7
BD.EE.003;0.0003318613191906229;2;7
BD.EE.004;0.0003189358630650074;3;8
ER.HH.001;0.001220361233874647;8;3
DS.BB.009;0.001533528894678408;13;7
DS.CC.002;0.0006297371933912753;7;3
DS.CC.003;0.0004988923835952592;5;4
PS.AA.007;0.0010411990206191583;9;10
DP.BB.006;0.0006380815304696469;6;2
ER.BB.002;0.0015011736952786;10;4
SI.AA.003;0.0006760620990199232;5;5
SI.CC.001;0.0024193484622366166;16;5
BM.CC.001;0.0003174889976045276;3;13
DP.AA.005;0.0006537475992994649;7;25
BD.FF.002;0.00040316024158602886;2;5
BD.FF.003;0.00043028070038487776;3;6
DS.KK.001;0.00038564979542475336;2;5
DS.KK.008;0.00038564979542475336;2;7
DS.JJ.003;0.0010599722706597032;9;6
DS.KK.002;0.0011570154409230534;9;7
TL.BB.005;0.0020555041244943555;15;11
TL.CC.006;0.002943448114484682;19;10
TS.AA.007;0.0006107962927865698;4;0
DS.AA.001;0.002898504274451285;17;9
TS.AA.004;0.0016165542479217136;13;4
TL.GG.012;0.0017230645905123437;10;4
TL.HH.010;0.001857805319952591;21;7
BM.DD.005;0.0024540150179830026;19;14
LD.AA.006;0.0015348967825545307;14;14
LD.AA.007;0.0009203830183715317;10;6
LD.EE.003;0.0023018578531150457;14;17
ER.FF.001;0.0029356002496675228;15;4
SI.AA.007;0.0009298698101002101;6;3
TL.HH.006;0.002058583648269259;18;12
KD.BB.002;0.001047292119283569;12;6
LD.FF.007;0.0007013263141760337;5;8
ER.EE.001;0.001042123352107775;6;6
KD.FF.016;0.0017980642413133563;10;9
TL.HH.011;0.0007029742151509285;7;6
BM.AA.001;0.0008779903168971046;10;5
BM.AA.003;0.001102535953918287;8;6
BM.AA.004;0.0008997938490230591;7;6
BM.AA.005;0.0017213339717381073;11;13
BM.AA.009;0.0005642459830137576;4;5
BM.AA.010;0.0003136751460298505;3;13
BM.AA.011;0.0003913775487248626;3;2
BM.AA.012;0.00036195622843424665;4;13
BM.AA.015;0.000297671465604461;3;12
BM.DD.002;0.00027878088570225363;2;6
BM.DD.003;0.0002941745804323653;3;9
BM.DD.004;0.0010635900537714316;7;4
BM.DD.007;0.00027878088570225363;2;10
BM.DD.008;0.0004276172540090519;3;5
KD.FF.009;0.0011006534848907652;12;6
KD.HH.006;0.00045338688656190534;5;16
SI.BB.003;0.0011655117193220548;7;8
TL.BB.002;0.0005403099895695962;5;3
TL.BB.006;0.000539637407491296;5;8
TL.BB.007;0.0005253008192396703;5;4
TL.BB.008;0.000700332042755703;7;7
KD.FF.021;0.001179566486336658;10;24
DD.AA.007;0.0013246742697263416;8;2
KD.FF.017;0.0017896461328060537;12;6
IS.BB.009;0.0010190440720898198;8;7
SI.BB.006;0.0013467218931242754;6;5
TL.II.014;0.0008780503771979876;6;15
MR.AA.007;0.00024630119401982623;3;6
TL.JJ.011;0.0004002522913352873;6;18
TL.LL.004;0.0004722588612173439;4;7
TL.JJ.009;0.0009400484332276348;9;9
FT.BB.001;0.0024468076941090186;16;3
SI.AA.006;0.00028236841559230034;2;1
TL.JJ.012;0.0018034926297154055;11;15
SI.AA.011;0.0010562723240259446;10;5
TL.KK.002;0.0008968400770864745;9;8
BM.BB.002;0.001122819856710476;1;4
BM.BB.003;0.0013614242185508924;2;9
BM.BB.004;0.0020835550036838258;6;7
PS.HH.002;0.002751759305992456;20;11
BM.CC.005;0.00044961214516972504;3;5
BM.CC.006;0.0005245203683031484;4;11
BM.CC.007;0.00028512646493293977;3;11
LD.GG.008;0.00029987593939952227;3;13
PS.II.002;0.0008813880494590703;11;11
TL.JJ.002;0.0002629454066216336;3;0
PS.HH.001;0.001211713682438443;8;4
PS.AA.004;0.0019415954611160548;16;8
PS.KK.002;0.0006280989391197527;5;8
TL.II.013;0.0013092153113653106;9;12
DS.FF.006;0.0010618157086355756;13;9
FT.GG.001;0.0005187870410927341;6;196
QD.BB.002;0.0015323462447626678;6;8
TL.HH.007;0.0003487566554038387;4;15
HB.AA.012;0.0007425392976447289;8;11
LD.CC.004;0.0005020306922347717;6;9
LD.FF.002;0.0006466062424497059;4;18
LD.FF.003;0.0013192383744518093;11;4
LD.FF.005;0.0009074945597512726;6;8
LD.FF.006;0.0008075173827331187;6;4
LD.FF.008;0.000899515486569718;5;5
KD.HH.005;0.002590226071745738;24;4
TL.JJ.006;0.0010440802314214163;9;15
CH.AA.003;0.00028672228093325474;2;6
KD.II.002;0.0007062202208436293;10;9
KD.JJ.010;0.0003860920447483644;4;11
KD.JJ.011;0.0005012625519594186;5;13
PS.GG.004;0.0006887094198826409;4;15
HB.AA.017;0.003240903329238568;9;6
HB.AA.019;0.000733305801208507;4;14
KD.FF.013;0.000775277260213408;7;10
NP.BB.003;0.0004958170843732603;4;14
ER.CC.005;0.0017647604178435271;9;10
IS.BB.011;0.0016850395207504924;11;7
DS.KK.006;0.0006536173892988518;2;11
DD.AA.003;0.00029908059501189676;3;3
DD.AA.004;0.0003209664314970978;3;3
DD.AA.006;0.0002362130682139947;2;8
PS.DD.001;0.0013009646640360654;5;6
TL.HH.005;0.0007294373460293042;6;8
TL.JJ.007;0.0010737073610826262;8;5
TL.GG.010;0.0003917620050407367;4;4
DP.AA.001;0.00024168735981121273;2;3
DP.AA.002;0.0003323304681480522;4;9
DP.AA.003;0.0004674187226819483;8;16
HB.AA.005;0.0005449373584881417;4;6
DS.CC.004;0.0005292458860716632;5;7
TL.FF.002;0.0008503596236335929;10;5
KD.FF.023;0.0007073106753280948;7;0
KD.GG.008;0.00042549176906907975;3;12
SI.AA.009;0.0013229562389478048;8;2
TL.EE.002;0.0013306530191440672;15;10
DS.DD.005;0.0016618621211072244;14;9
NP.BB.001;0.000446910951546675;5;8
NP.BB.002;0.0005239763893063492;5;9
PS.AA.006;0.0011099238091247232;6;9
DP.BB.002;0.0004222081216921954;4;11
DP.BB.003;0.0002868214882831793;3;11
DP.BB.004;0.0003781295245821463;5;3
DP.BB.005;0.0004714689211669752;4;1
KD.FF.019;0.0007142051214195505;7;10
DS.BB.003;0.0013697665688605035;6;14
DS.BB.005;0.0004471440733524343;3;10
DS.BB.008;0.0005716125279782907;3;6
DS.BB.010;0.0007049804753838604;7;17
DS.DD.002;0.0028686117913873698;15;7
DS.EE.002;0.0022477565917384287;11;4
DS.EE.003;0.0011650733274088422;9;12
DS.FF.002;0.0007402309394145121;7;5
DS.FF.003;0.0009381895403253192;9;7
DS.FF.005;0.0015379928885284099;13;8
DS.FF.007;0.0009090150202025551;9;3
DS.FF.008;0.0012045287480870748;13;10
DS.FF.009;0.0013429913901301458;11;10
DS.FF.010;0.0006176785417978871;6;9
DS.HH.003;0.0005873404787707114;5;8
DS.II.002;0.0007597640079270567;7;5
DS.II.003;0.0005676892442553908;5;10
DS.II.004;0.0008348142873072945;6;7
DS.II.005;0.0005676892442553908;5;11
DS.II.006;0.0004648661460166894;3;6
IS.CC.002;0.0005762508734020149;7;8
IS.CC.007;0.0018486976060479597;16;9
IS.CC.008;0.0007307710158445178;8;9
IS.CC.009;0.000716736198453965;8;14
PS.DD.002;0.0008458275083153222;6;5
PS.DD.006;0.0007932398018088424;6;8
KD.GG.007;0.0008039723823772356;5;9
KD.FF.024;0.0008963195493276485;8;12
PS.BB.006;0.0005303192283021645;4;8
PS.CC.006;0.0014513803050767177;10;8
TL.GG.005;0.0007542780164754742;6;14
DS.FF.001;0.0016401500466875056;11;12
DS.CC.001;0.00023968810719654732;1;39
DS.DD.003;0.0008115034199318233;5;13
DS.DD.004;0.0006301894152082326;7;3
DS.DD.006;0.0008029616399965043;7;9
DS.DD.007;0.0008488854809944973;8;9
DS.DD.008;0.0005274253533265203;5;6
DS.DD.009;0.000790323823136456;7;7
ER.FF.003;0.0009027002666105223;3;1
KD.FF.027;0.0008429074230306355;7;14
ER.CC.002;0.001594695843701568;10;10
KD.HH.002;0.0008253893040151252;7;5
LD.CC.005;0.0006433669854557835;5;3
SI.DD.001;0.0012366817843628734;7;3
TL.JJ.008;0.0020193202970335855;16;20
IS.AA.000;0.0006265048496849127;4;34
PS.CC.004;0.0004693400826688974;2;7
KD.FF.018;0.0006411190781924542;7;4
KD.KK.001;0.0005263630670234745;5;6
DS.JJ.004;0.000485171803894925;3;4
DS.JJ.006;0.0013042855583736178;7;11
KD.II.008;0.0006080580853390915;6;9
KD.BB.001;0.002146770243893322;14;10
KD.FF.006;0.0009609056793569774;10;14
ER.FF.004;0.0011219713429069232;3;1
SI.BB.005;0.002170247691129896;11;4
ER.BB.001;0.0006102722606719916;3;5
ER.GG.001;0.0004429771741331061;1;1
ER.DD.001;0.0003150786564658585;2;1
PS.GG.002;0.002569079851659951;19;8
PS.GG.010;0.0008448219217096889;5;7
ER.CC.003;0.0007045079910481046;7;2
ER.CC.004;0.0006604980371088371;4;8
ER.CC.006;0.0006811541379933453;5;2
ER.CC.007;0.00047883847226065006;2;13
ER.CC.008;0.0005684159653213084;4;9
ER.CC.009;0.0005297856714388994;3;4
ER.CC.010;0.00047883847226065006;2;8
ER.CC.011;0.00047883847226065006;2;7
ER.CC.012;0.0007231051253748075;4;1
PS.GG.009;0.0004934453294155565;3;6
PS.EE.010;0.0007765362741568236;5;9
ER.DD.002;0.0005324749224425079;3;10
KD.HH.004;0.0016241206760177738;13;3
ER.EE.004;0.0007309947221462607;4;6
KD.HH.007;0.00031600471957864303;4;10
ER.FF.002;0.0012693931121772097;4;9
ER.FF.005;0.0008973465136090913;3;2
PS.DD.004;0.0005997632626779611;4;13
ER.GG.002;0.0005879039163615711;2;8
FT.CC.001;0.0002438587582432935;3;1
FT.DD.001;0.00024020545713686028;2;1
FT.EE.001;0.00021039882127517857;1;1
TL.CC.007;0.0014412916767201954;6;5
FT.FF.001;0.001509943632231677;4;2
FT.JJ.002;0.0002126502995834622;2;3
HB.AA.003;0.0008140305208882983;4;10
IS.BB.005;0.00033371229855032065;3;10
IS.BB.006;0.0004836590981647358;5;0
IS.BB.007;0.00045053693788584003;4;7
IS.BB.008;0.0006865578335597194;7;5
KD.DD.005;0.0008341554732196278;3;8
KD.FF.002;0.0007365217175556595;4;7
KD.GG.009;0.00035460835078512763;4;9
KD.II.010;0.00032509765457764073;3;2
KD.II.011;0.00032681528409784214;3;5
KD.II.012;0.00026954118504450314;2;4
KD.JJ.012;0.00027786898108438107;2;2
LD.BB.002;0.0005853958824051987;7;13
LD.BB.005;0.00044150202690865085;7;2
LD.BB.006;0.0005362525577094986;5;14
LD.BB.007;0.0004503853936969974;7;10
LD.BB.008;0.0003412278781335848;4;15
LD.BB.009;0.0003412278781335848;4;7
LD.BB.010;0.0003412278781335848;4;6
LD.CC.001;0.0002660843070635791;2;7
MR.AA.001;0.0008404014171701159;3;7
MR.AA.004;0.00022667967357787688;2;3
PS.DD.003;0.0008199601091718382;6;10
PS.EE.008;0.0009569618424705407;7;9
PS.GG.001;0.0009543883668568834;8;7
PS.GG.007;0.0002619969737835333;2;5
PS.GG.011;0.0002812437697772667;2;4
PS.GG.012;0.00042747371191936877;3;5
PS.GG.013;0.0005784233064790094;6;4
PS.GG.015;0.00028033321047726866;2;5
PS.GG.017;0.00042656315261937073;3;5
PS.II.008;0.0003264024266585254;3;4
PS.II.010;0.00035031432430069286;3;12
PS.II.011;0.00030158650851610125;2;12
SI.AA.013;0.0002609519455876368;2;4
TL.DD.003;0.0007610020975377529;8;12
TL.HH.002;0.00028336460036668825;3;3
TL.II.011;0.0006432598363446802;3;6
FT.DD.002;0.00021039882127517857;1;0
FT.DD.003;0.00021039882127517857;1;0
FT.II.001;0.00027570188727955316;3;2
FT.JJ.001;0.00021039882127517857;1;8
FT.JJ.003;0.00021039882127517857;1;6
FT.JJ.004;0.00021039882127517857;1;1
FT.JJ.005;0.00021039882127517857;1;0
FT.JJ.006;0.00021039882127517857;1;0
HB.AA.004;0.00045701608384933153;3;5
HB.AA.006;0.00047546780517579066;3;12
HB.AA.011;0.0005183038869816731;5;5
KD..;0.0011679642191316907;9;0
KD.BB.003;0.00043782921298294317;3;10
KD.BB.004;0.00042426529755065166;3;8
KD.BB.005;0.000437384687265591;3;3
KD.CC.001;0.0004725303384110564;3;9
KD.DD.004;0.0005862404084934127;3;4
KD.FF.004;0.00034173946597146473;2;3
KD.FF.007;0.0007969332984612171;8;5
KD.FF.008;0.0007964632940766177;7;9
KD.FF.011;0.0006371388181922072;6;9
KD.FF.012;0.0005433726302072469;5;7
KD.FF.014;0.000649048829292463;6;8
KD.FF.015;0.0006201316988562985;6;13
KD.FF.020;0.0007204006392833265;7;8
KD.FF.025;0.0005480190621380981;4;9
KD.FF.026;0.00040547162154635445;4;8
KD.FF.028;0.0005230458595361934;4;3
KD.FF.029;0.00040760087071451203;3;3
KD.GG.003;0.0006738911186098566;6;6
KD.GG.004;0.0019125740058821715;20;10
KD.HH.009;0.0004366083571484796;5;5
KD.II.004;0.0004583731262192644;5;8
KD.II.005;0.00035640460539334976;5;16
KD.II.006;0.00028450595591957717;4;8
KD.II.007;0.00033604254019984925;3;9
KD.JJ.003;0.0004556231788156895;4;9
KD.JJ.005;0.00037006297191922413;3;9
KD.JJ.013;0.0011391308544779425;8;16
KD.KK.002;0.0007783825771413478;6;8
KD.KK.003;0.001866707869238019;8;14
KD.KK.005;0.0003432146774422075;3;8
KD.KK.006;0.0004193219971584738;5;6
KD.KK.007;0.0004197462543168826;4;9
LD.AA.002;0.00037761272405005027;3;3
LD.AA.003;0.0005230525903897598;4;6
LD.AA.008;0.0015835726451259705;12;8
LD.AA.010;0.0005704388480142755;5;5
LD.AA.011;0.0004392906952315902;4;7
LD.BB.003;0.0008206745407778509;7;17
LD.CC.003;0.0006444195709356245;5;10
LD.CC.006;0.0003357979124625494;3;5
LD.DD.002;0.00045544092758465036;5;10
LD.DD.003;0.001018148796421227;6;8
LD.DD.004;0.0003034799696826083;2;12
LD.EE.004;0.0009723644392677955;6;8
LD.GG.005;0.0009106321933574987;5;6
LD.GG.007;0.0005742832895944376;3;10
LD.GG.010;0.0009082436601050074;4;10
MR.AA.003;0.0003362028448510915;5;8
MR.AA.009;0.0002257925160052902;2;7
MS.CC.002;0.00021039882127517857;1;0
MS.CC.003;0.00021039882127517857;1;0
MS.CC.004;0.00021039882127517857;1;0
MS.CC.005;0.00021039882127517857;1;1
MS.CC.007;0.00021039882127517857;1;2
MS.CC.008;0.00021039882127517857;1;0
MS.CC.009;0.00021039882127517857;1;0
PD.CC.000;0.00022150378134703222;2;11
PS.AA.003;0.0012798990997999343;8;10
PS.AA.005;0.0006310136606661483;5;2
PS.CC.007;0.0010765797212349093;9;2
PS.FF.001;0.0009087354817943799;5;3
PS.II.004;0.00044970940733318537;4;4
PS.II.005;0.00039625989037472804;3;2
PS.II.006;0.00030069935094351457;2;3
PS.II.012;0.0004055488720550803;3;7
PS.JJ.002;0.0005045885229594163;4;6
QD.BB.001;0.00039730532416431944;2;2
QD.CC.001;0.003450265025487674;11;8
QD.CC.002;0.0009884835880308608;4;3
QD.DD.001;0.0015296162118966213;4;4
QD.DD.002;0.0013342928331170672;5;5
QD.DD.003;0.0014631359901844;5;5
QD.DD.004;0.0013342928331170672;5;3
SI.AA.004;0.0003967412020132722;4;18
SI.AA.008;0.0006116796276212159;5;2
SI.BB.004;0.0013807609780605726;6;8
SI.BB.007;0.0007957567871142174;4;4
SI.CC.004;0.0011323288581592964;7;11
SI.CC.005;0.0008693774189638763;5;5
SI.CC.006;0.0008161318474974404;5;11
SI.DD.002;0.0010177172643547996;7;4
SI.DD.003;0.0008281539862098975;4;3
TL.CC.004;0.0003821922654303738;4;5
TL.CC.008;0.0006783194118554104;5;6
TL.CC.009;0.0003110618974873881;3;8
TL.DD.007;0.0008948568834552484;6;7
TL.EE.013;0.0002506373353365481;3;3
TL.FF.003;0.0002882969153133792;3;8
TL.FF.004;0.00031892800073883044;4;10
TL.FF.005;0.00046350028975205215;3;14
TL.GG.006;0.0006122464987956863;3;10
TL.GG.011;0.0004454058746609155;4;14
TL.HH.009;0.0004386422018886526;3;11
TL.JJ.004;0.000734032236975966;9;7
TL.JJ.005;0.0003493189069211156;4;9
TL.JJ.010;0.00030910035179415303;4;11
TL.KK.003;0.0004193081689679136;3;9
TL.KK.004;0.000689998039764674;5;8
TS.AA.003;0.0011810352567062116;7;4
TS.AA.008;0.00032993185240628704;2;4
TS.AA.012;0.00032993185240628704;2;0
IS.CC.001;0.0007116940736561555;5;11
KD.HH.001;0.0004889019644326613;4;15
KD.CC.002;0.00038437843947468765;3;4
KD.CC.003;0.0003128664393318389;2;3
KD.CC.004;0.00029677327676341206;2;6
KD.CC.005;0.00025365050414074034;1;5
KD.CC.006;0.0003334121588874645;2;9
KD.CC.007;0.0003752132476777865;2;4
KD.CC.009;0.0004410746524208338;3;6
PS.BB.001;0.002257306705874844;16;12
KD.FF.022;0.00034037514523576777;1;3
LD.EE.001;0.0003891615308912953;2;4
PS.CC.001;0.001114695094991525;7;6
KD.LL.001;0.00020903450053948164;0;2
PS.EE.007;0.0007128168503917835;5;9
PD.AA.000;0.00020903450053948164;0;16
PS.BB.002;0.00036895017431315765;1;8
PS.BB.003;0.0008233703760356352;3;8
PS.BB.005;0.00036895017431315765;1;4
PS.BB.007;0.000712336932447133;4;5
PS.BB.008;0.00036895017431315765;1;3
PS.CC.005;0.000638363210975576;3;7
PS.EE.003;0.0005322623452098161;2;2
PS.EE.005;0.0004065902863210431;1;2
PS.EE.006;0.0004065902863210431;1;3
PS.EE.009;0.0004739290055307012;2;5
PS.FF.002;0.0008071592598206245;3;5
PS.FF.004;0.00046713909176730045;1;2
PS.GG.003;0.0004771356069829438;3;8
PS.GG.014;0.0003249391466657389;1;4
PS.GG.018;0.0006095536654066559;3;8
PS.GG.021;0.00041613782764129346;2;9
PS.GG.005;0.0005356180810541758;4;6
QD.BB.003;0.0011529201705609358;4;2
TL.FF.001;0.00020903450053948164;0;5
TL.II.005;0.00020903450053948164;0;7
TL.LL.002;0.00042433557088585706;2;6
TL.LL.003;0.000505918807410057;3;12
